Positives,Negatives,Polars,NonPolars
0.16279069767441862,0.2558139534883721,0.08139534883720931,0.5
0.36585365853658536,0.3902439024390244,0.024390243902439025,0.21951219512195122
0.07865168539325842,0.0898876404494382,0.06741573033707865,0.7640449438202247
0.15,0.4,0.05,0.4
0.2777777777777778,0.3055555555555556,0.05555555555555555,0.3611111111111111
0.2777777777777778,0.3,0.044444444444444446,0.37777777777777777
0.3469387755102041,0.4489795918367347,0.02040816326530612,0.1836734693877551
0.16666666666666666,0.25,0.08333333333333333,0.5
0.16853932584269662,0.23595505617977527,0.056179775280898875,0.5393258426966292
0.1276595744680851,0.2553191489361702,0.02127659574468085,0.5957446808510638
0.13559322033898305,0.2033898305084746,0.05084745762711865,0.6101694915254238
0.2840909090909091,0.2840909090909091,0.18181818181818182,0.25
0.26666666666666666,0.35555555555555557,0.044444444444444446,0.3333333333333333
0.21428571428571427,0.35714285714285715,0.14285714285714285,0.2857142857142857
0.14444444444444443,0.13333333333333333,0.1,0.6222222222222222
0.24358974358974358,0.34615384615384615,0.10256410256410256,0.3076923076923077
0.29411764705882354,0.29411764705882354,0.11764705882352941,0.29411764705882354
0.0958904109589041,0.0958904109589041,0.1506849315068493,0.6575342465753424
0.19736842105263158,0.2236842105263158,0.09210526315789473,0.4868421052631579
0.34782608695652173,0.391304347826087,0.021739130434782608,0.2391304347826087
0.2857142857142857,0.42857142857142855,0.0,0.2857142857142857
0.21428571428571427,0.35714285714285715,0.0,0.42857142857142855
0.1,0.3,0.1,0.5
0.21428571428571427,0.39285714285714285,0.07142857142857142,0.32142857142857145
0.0,0.3333333333333333,0.08333333333333333,0.5833333333333334
0.07142857142857142,0.6428571428571429,0.14285714285714285,0.14285714285714285
0.0,0.3076923076923077,0.07692307692307693,0.6153846153846154
0.2,0.4,0.06666666666666667,0.3333333333333333
0.09523809523809523,0.3333333333333333,0.047619047619047616,0.5238095238095238
0.19047619047619047,0.38095238095238093,0.047619047619047616,0.38095238095238093
0.1111111111111111,0.4444444444444444,0.0,0.4444444444444444
0.25,0.4,0.05,0.3
0.0,0.2222222222222222,0.0,0.7777777777777778
0.0,0.2777777777777778,0.1111111111111111,0.6111111111111112
0.0625,0.375,0.0625,0.5
0.0,0.4166666666666667,0.0,0.5833333333333334
0.1,0.4,0.1,0.4
0.0625,0.625,0.0,0.3125
0.0,0.2222222222222222,0.1111111111111111,0.6666666666666666
0.19047619047619047,0.47619047619047616,0.09523809523809523,0.23809523809523808
0.22727272727272727,0.36363636363636365,0.18181818181818182,0.22727272727272727
0.20833333333333334,0.3333333333333333,0.125,0.3333333333333333
0.17391304347826086,0.34782608695652173,0.08695652173913043,0.391304347826087
0.08333333333333333,0.3333333333333333,0.16666666666666666,0.4166666666666667
0.07142857142857142,0.42857142857142855,0.21428571428571427,0.2857142857142857
0.0,0.2857142857142857,0.0,0.7142857142857143
0.0,0.2222222222222222,0.0,0.7777777777777778
0.2777777777777778,0.3333333333333333,0.05555555555555555,0.3333333333333333
0.32142857142857145,0.4642857142857143,0.0,0.21428571428571427
0.1111111111111111,0.3333333333333333,0.0,0.5555555555555556
0.09090909090909091,0.36363636363636365,0.0,0.5454545454545454
0.1,0.4,0.0,0.5
0.09090909090909091,0.2727272727272727,0.0,0.6363636363636364
0.125,0.375,0.0,0.5
0.20833333333333334,0.25,0.08333333333333333,0.4583333333333333
0.1,0.4,0.0,0.5
0.1111111111111111,0.3333333333333333,0.0,0.5555555555555556
0.14285714285714285,0.6428571428571429,0.03571428571428571,0.17857142857142858
0.19047619047619047,0.38095238095238093,0.09523809523809523,0.3333333333333333
