Metastate 2,Metastate 4
0.0,0.0
1.2,0.0
2.4,0.0
0.4,0.0
0.4,0.0
0.4,0.0
0.0,0.0
0.0,0.0
0.0,0.0
0.0,0.0
0.0,0.0
0.0,0.0
0.0,0.0
0.0,0.0
0.4,0.0
0.0,0.0
0.0,0.0
0.8,0.0
0.4,0.0
0.0,0.0
0.0,0.0
0.0,0.0
0.0,0.0
0.0,0.0
0.0,0.0
0.0,0.0
0.0,0.0
0.0,0.0
0.0,0.0
0.0,0.0
0.0,0.0
0.0,0.0
0.0,0.0
0.0,0.0
0.0,0.0
0.4,0.0
0.0,0.0
0.0,0.0
0.0,0.0
0.4,0.0
0.0,0.0
0.0,0.0
1.2,0.1818
0.4,0.0
0.0,0.1818
1.2,0.7273
0.4,1.2727
0.0,0.3636
0.0,0.3636
1.2,0.7273
0.4,0.1818
0.0,0.0
1.2,0.0
0.0,0.0
0.0,0.0
1.6,0.0
1.2,0.0
0.0,0.0
0.4,0.0
0.0,0.0
0.4,0.0
0.0,0.0
0.0,0.0
0.0,0.0
0.0,0.0
0.0,0.0
0.0,0.0
0.0,0.0
0.0,0.0
0.0,0.0
0.0,0.0
0.0,0.0
